Workbook

Sheet Trip
A1: Fish # | B1: Species | C1: PIT # | D1: V16 Short | E1: Clip # | F1: FL | G1: TL | H1: Interorbital | I1: Inside Mouth | J1: Outside Mouth | K1: Recap | L1: Notes | N1: PIT CODE | O1: V16 CODE Full | P1: M/O Ratio | Q1: Determined Species | R1: Sex | T1: Date | U1: River | V1: Site | W1: Easting | X1: Northing | Y1: Notes
N2: =IF(C2="", "", _xlfn.XLOOKUP(C2, Sheet1!A:A, Sheet1!B:B, "")) | O2: =IF(D2="", "", _xlfn.XLOOKUP(D2, Sheet1!F:F, Sheet1!E:E, "")) | P2: =IF(OR(I2="",H2=""),"",I2/H2) | Q2: =IF(P2="", "UKN", IF(P2<0.55, "AST", IF(P2>0.62, "SNS", "UKN"))) -> UKN | R2: U
N3: =IF(C3="", "", _xlfn.XLOOKUP(C3, Sheet1!A:A, Sheet1!B:B, "")) | O3: =IF(D3="", "", _xlfn.XLOOKUP(D3, Sheet1!F:F, Sheet1!E:E, "")) | P3: =IF(OR(I3="",H3=""),"",I3/H3)
N4: =IF(C4="", "", _xlfn.XLOOKUP(C4, Sheet1!A:A, Sheet1!B:B, "")) | O4: =IF(D4="", "", _xlfn.XLOOKUP(D4, Sheet1!F:F, Sheet1!E:E, "")) | P4: =IF(OR(I4="",H4=""),"",I4/H4)
N5: =IF(C5="", "", _xlfn.XLOOKUP(C5, Sheet1!A:A, Sheet1!B:B, "")) | O5: =IF(D5="", "", _xlfn.XLOOKUP(D5, Sheet1!F:F, Sheet1!E:E, "")) | P5: =IF(OR(I5="",H5=""),"",I5/H5)
N6: =IF(C6="", "", _xlfn.XLOOKUP(C6, Sheet1!A:A, Sheet1!B:B, "")) | O6: =IF(D6="", "", _xlfn.XLOOKUP(D6, Sheet1!F:F, Sheet1!E:E, "")) | P6: =IF(OR(I6="",H6=""),"",I6/H6)
N7: =IF(C7="", "", _xlfn.XLOOKUP(C7, Sheet1!A:A, Sheet1!B:B, "")) | O7: =IF(D7="", "", _xlfn.XLOOKUP(D7, Sheet1!F:F, Sheet1!E:E, "")) | P7: =IF(OR(I7="",H7=""),"",I7/H7)
N8: =IF(C8="", "", _xlfn.XLOOKUP(C8, Sheet1!A:A, Sheet1!B:B, "")) | O8: =IF(D8="", "", _xlfn.XLOOKUP(D8, Sheet1!F:F, Sheet1!E:E, "")) | P8: =IF(OR(I8="",H8=""),"",I8/H8)
N9: =IF(C9="", "", _xlfn.XLOOKUP(C9, Sheet1!A:A, Sheet1!B:B, "")) | O9: =IF(D9="", "", _xlfn.XLOOKUP(D9, Sheet1!F:F, Sheet1!E:E, "")) | P9: =IF(OR(I9="",H9=""),"",I9/H9)
N10: =IF(C10="", "", _xlfn.XLOOKUP(C10, Sheet1!A:A, Sheet1!B:B, "")) | O10: =IF(D10="", "", _xlfn.XLOOKUP(D10, Sheet1!F:F, Sheet1!E:E, "")) | P10: =IF(OR(I10="",H10=""),"",I10/H10)
N11: =IF(C11="", "", _xlfn.XLOOKUP(C11, Sheet1!A:A, Sheet1!B:B, "")) | O11: =IF(D11="", "", _xlfn.XLOOKUP(D11, Sheet1!F:F, Sheet1!E:E, "")) | P11: =IF(OR(I11="",H11=""),"",I11/H11)
N12: =IF(C12="", "", _xlfn.XLOOKUP(C12, Sheet1!A:A, Sheet1!B:B, "")) | O12: =IF(D12="", "", _xlfn.XLOOKUP(D12, Sheet1!F:F, Sheet1!E:E, ""))
N13: =IF(C13="", "", _xlfn.XLOOKUP(C13, Sheet1!A:A, Sheet1!B:B, "")) | O13: =IF(D13="", "", _xlfn.XLOOKUP(D13, Sheet1!F:F, Sheet1!E:E, ""))
N14: =IF(C14="", "", _xlfn.XLOOKUP(C14, Sheet1!A:A, Sheet1!B:B, "")) | O14: =IF(D14="", "", _xlfn.XLOOKUP(D14, Sheet1!F:F, Sheet1!E:E, ""))
N15: =IF(C15="", "", _xlfn.XLOOKUP(C15, Sheet1!A:A, Sheet1!B:B, "")) | O15: =IF(D15="", "", _xlfn.XLOOKUP(D15, Sheet1!F:F, Sheet1!E:E, ""))
N16: =IF(C16="", "", _xlfn.XLOOKUP(C16, Sheet1!A:A, Sheet1!B:B, "")) | O16: =IF(D16="", "", _xlfn.XLOOKUP(D16, Sheet1!F:F, Sheet1!E:E, ""))
N17: =IF(C17="", "", _xlfn.XLOOKUP(C17, Sheet1!A:A, Sheet1!B:B, "")) | O17: =IF(D17="", "", _xlfn.XLOOKUP(D17, Sheet1!F:F, Sheet1!E:E, ""))
N18: =IF(C18="", "", _xlfn.XLOOKUP(C18, Sheet1!A:A, Sheet1!B:B, "")) | O18: =IF(D18="", "", _xlfn.XLOOKUP(D18, Sheet1!F:F, Sheet1!E:E, ""))
N19: =IF(C19="", "", _xlfn.XLOOKUP(C19, Sheet1!A:A, Sheet1!B:B, "")) | O19: =IF(D19="", "", _xlfn.XLOOKUP(D19, Sheet1!F:F, Sheet1!E:E, ""))
N20: =IF(C20="", "", _xlfn.XLOOKUP(C20, Sheet1!A:A, Sheet1!B:B, "")) | O20: =IF(D20="", "", _xlfn.XLOOKUP(D20, Sheet1!F:F, Sheet1!E:E, ""))
N21: =IF(C21="", "", _xlfn.XLOOKUP(C21, Sheet1!A:A, Sheet1!B:B, "")) | O21: =IF(D21="", "", _xlfn.XLOOKUP(D21, Sheet1!F:F, Sheet1!E:E, ""))
N22: =IF(C22="", "", _xlfn.XLOOKUP(C22, Sheet1!A:A, Sheet1!B:B, "")) | O22: =IF(D22="", "", _xlfn.XLOOKUP(D22, Sheet1!F:F, Sheet1!E:E, ""))
N23: =IF(C23="", "", _xlfn.XLOOKUP(C23, Sheet1!A:A, Sheet1!B:B, "")) | O23: =IF(D23="", "", _xlfn.XLOOKUP(D23, Sheet1!F:F, Sheet1!E:E, ""))
... N34: =IF(C34="", "", _xlfn.XLOOKUP(C34, Sheet1!A:A, Sheet1!B:B, "")) | O34: =IF(D34="", "", _xlfn.XLOOKUP(D34, Sheet1!F:F, Sheet1!E:E, ""))
N35: =IF(C35="", "", _xlfn.XLOOKUP(C35, Sheet1!A:A, Sheet1!B:B, ""))
N36: =IF(C36="", "", _xlfn.XLOOKUP(C36, Sheet1!A:A, Sheet1!B:B, ""))

Sheet Sheet1
A1: PIT # | B1: CODE | D1: V16# | E1: Code | F1: Short
A2: 1 | B2: 3DD.003E185F8C | D2: 1 | E2: A69-2801-201133 | F2: =VALUE(RIGHT(E2,6)) -> 201133
A3: 2 | B3: 3DD.003E185F8D | D3: 2 | E3: A69-2801-201127 | F3: =VALUE(RIGHT(E3,6)) -> 201127
A4: 3 | B4: 3DD.003E185F93 | D4: 3 | E4: A69-2801-201134 | F4: =VALUE(RIGHT(E4,6)) -> 201134
A5: 4 | B5: 3DD.003E185F8F | D5: 4 | E5: A69-2801-201128 | F5: =VALUE(RIGHT(E5,6)) -> 201128
A6: 5 | B6: 3DD.003E185F7D | D6: 5 | E6: A69-2801-201129 | F6: =VALUE(RIGHT(E6,6)) -> 201129
A7: 6 | B7: 3DD.003E185F77 | D7: 6 | E7: A69-2801-201131 | F7: =VALUE(RIGHT(E7,6)) -> 201131
A8: 7 | B8: 3DD.003E185F76 | D8: 7 | E8: A69-2801-201130 | F8: =VALUE(RIGHT(E8,6)) -> 201130
A9: 8 | B9: 3DD.003E185F92 | D9: 8 | E9: A69-2801-201132 | F9: =VALUE(RIGHT(E9,6)) -> 201132
A10: 9 | B10: 3DD.003E185F95 | D10: 9 | E10: A69-2801-201212 | F10: =VALUE(RIGHT(E10,6)) -> 201212
A11: 10 | B11: 3DD.003E185F86 | D11: 10 | E11: A69-2801-201215 | F11: =VALUE(RIGHT(E11,6)) -> 201215
A12: 11 | B12: 3DD.003E185F7F | D12: 11 | E12: A69-2801-201213 | F12: =VALUE(RIGHT(E12,6)) -> 201213
A13: 12 | B13: 3DD.003E185F94 | D13: 12 | E13: A69-2801-201214 | F13: =VALUE(RIGHT(E13,6)) -> 201214
... A51: 50 | B51: 3DD.003E185F39 | D51: 50 | E51: A69-2801-201251 | F51: =VALUE(RIGHT(E51,6)) -> 201251
A52: 51 | B52: 3DD.003E185F57
A53: 52 | B53: 3DD.003E185F56
A54: 53 | B54: 3DD.003E185F79
A55: 54 | B55: 3DD.003E185F5D
A56: 55 | B56: 3DD.003E185F4E
A57: 56 | B57: 3DD.003E185F46
A58: 57 | B58: 3DD.003E185F4B
A59: 58 | B59: 3DD.003E185F80
A60: 59 | B60: 3DD.003E185F55
A61: 60 | B61: 3DD.003E185F44

Sheet Sheet1 (2)
A1: PIT # | B1: CODE | D1: V16# | E1: Code | F1: Short | H1: Serial_N | I1: V16.CODE.Full
A2: 1 | B2: 3DD.003E185F8C | D2: 1 | E2: A69-2801-201133 | F2: =VALUE(RIGHT(E2,6)) -> 201133 | H2: 1645258 | I2: A69-2801-201212
A3: 2 | B3: 3DD.003E185F8D | D3: 2 | E3: A69-2801-201127 | F3: =VALUE(RIGHT(E3,6)) -> 201127 | H3: 1645259 | I3: A69-2801-201213 | L3: V16-4x-BLU-1 | Q3: MAINE DEPT OF MARINE RESOURCES | R3: Joseph Zydlewski
A4: 3 | B4: 3DD.003E185F93 | D4: 3 | E4: A69-2801-201134 | F4: =VALUE(RIGHT(E4,6)) -> 201134 | H4: 1645260 | I4: A69-2801-201214 | L4: V16-4x-BLU-1 | P4: 1 | Q4: MAINE DEPT OF MARINE RESOURCES | R4: Joseph Zydlewski
A5: 4 | B5: 3DD.003E185F8F | D5: 4 | E5: A69-2801-201128 | F5: =VALUE(RIGHT(E5,6)) -> 201128 | H5: 1645261 | I5: A69-2801-201215 | L5: V16-4x-BLU-1 | P5: 1 | Q5: MAINE DEPT OF MARINE RESOURCES | R5: Joseph Zydlewski
A6: 5 | B6: 3DD.003E185F7D | D6: 5 | E6: A69-2801-201129 | F6: =VALUE(RIGHT(E6,6)) -> 201129 | H6: 1645262 | I6: A69-2801-201216 | L6: V16-4x-BLU-1 | P6: 1 | Q6: MAINE DEPT OF MARINE RESOURCES | R6: Joseph Zydlewski
A7: 6 | B7: 3DD.003E185F77 | D7: 6 | E7: A69-2801-201131 | F7: =VALUE(RIGHT(E7,6)) -> 201131 | H7: 1645263 | I7: A69-2801-201217 | L7: V16-4x-BLU-1 | P7: 1 | Q7: MAINE DEPT OF MARINE RESOURCES | R7: Joseph Zydlewski
A8: 7 | B8: 3DD.003E185F76 | D8: 7 | E8: A69-2801-201130 | F8: =VALUE(RIGHT(E8,6)) -> 201130 | H8: 1645264 | I8: A69-2801-201218 | L8: V16-4x-BLU-1 | P8: 1 | Q8: MAINE DEPT OF MARINE RESOURCES | R8: Joseph Zydlewski
A9: 8 | B9: 3DD.003E185F92 | D9: 8 | E9: A69-2801-201132 | F9: =VALUE(RIGHT(E9,6)) -> 201132 | H9: 1645265 | I9: A69-2801-201219 | L9: V16-4x-BLU-1 | P9: 1 | Q9: MAINE DEPT OF MARINE RESOURCES | R9: Joseph Zydlewski
A10: 9 | B10: 3DD.003E185F95 | D10: 9 | E10: A69-2801-201212 | F10: =VALUE(RIGHT(E10,6)) -> 201212 | H10: 1645266 | I10: A69-2801-201220 | L10: V16-4x-BLU-1 | P10: 1 | Q10: MAINE DEPT OF MARINE RESOURCES | R10: Joseph Zydlewski
A11: 10 | B11: 3DD.003E185F86 | D11: 10 | E11: A69-2801-201215 | F11: =VALUE(RIGHT(E11,6)) -> 201215 | H11: 1645267 | I11: A69-2801-201221 | L11: V16-4x-BLU-1 | P11: 1 | Q11: MAINE DEPT OF MARINE RESOURCES | R11: Joseph Zydlewski
A12: 11 | B12: 3DD.003E185F7F | D12: 11 | E12: A69-2801-201213 | F12: =VALUE(RIGHT(E12,6)) -> 201213 | H12: 1645268 | I12: A69-2801-201222 | L12: V16-4x-BLU-1 | P12: 1 | Q12: MAINE DEPT OF MARINE RESOURCES | R12: Joseph Zydlewski
A13: 12 | B13: 3DD.003E185F94 | D13: 12 | E13: A69-2801-201214 | F13: =VALUE(RIGHT(E13,6)) -> 201214 | H13: 1645269 | I13: A69-2801-201223 | L13: V16-4x-BLU-1 | P13: 1 | Q13: MAINE DEPT OF MARINE RESOURCES | R13: Joseph Zydlewski
A14: 13 | B14: 3DD.003E185F74 | D14: 13 | E14: A69-2801-201216 | F14: =VALUE(RIGHT(E14,6)) -> 201216 | H14: 1645270 | I14: A69-2801-201224 | L14: V16-4x-BLU-1 | P14: 1 | Q14: MAINE DEPT OF MARINE RESOURCES | R14: Joseph Zydlewski
A15: 14 | B15: 3DD.003E185F91 | D15: 14 | E15: A69-2801-201217 | F15: =VALUE(RIGHT(E15,6)) -> 201217 | H15: 1645271 | I15: A69-2801-201225 | L15: V16-4x-BLU-1 | P15: 1 | Q15: MAINE DEPT OF MARINE RESOURCES | R15: Joseph Zydlewski
... A43: 42 | B43: 3DD.003E185F58 | D43: 42 | E43: A69-2801-201247 | F43: =VALUE(RIGHT(E43,6)) -> 201247 | H43: 1645299 | I43: A69-2801-201253 | L43: V16-4x-BLU-1 | P43: 1 | Q43: MAINE DEPT OF MARINE RESOURCES | R43: Joseph Zydlewski
A44: 43 | B44: 3DD.003E185F48 | D44: 43 | E44: A69-2801-201246 | F44: =VALUE(RIGHT(E44,6)) -> 201246 | H44: 1638355 | I44: A69-2801-201127 | P44: 1 | Q44: MAINE DEPT OF MARINE RESOURCES | R44: Joseph Zydlewski
A45: 44 | B45: 3DD.003E185F61 | D45: 44 | E45: A69-2801-201245 | F45: =VALUE(RIGHT(E45,6)) -> 201245 | H45: 1638356 | I45: A69-2801-201128
A46: 45 | B46: 3DD.003E185F53 | D46: 45 | E46: A69-2801-201252 | F46: =VALUE(RIGHT(E46,6)) -> 201252 | H46: 1638357 | I46: A69-2801-201129
A47: 46 | B47: 3DD.003E185F84 | D47: 46 | E47: A69-2801-201249 | F47: =VALUE(RIGHT(E47,6)) -> 201249 | H47: 1638358 | I47: A69-2801-201130
A48: 47 | B48: 3DD.003E185F67 | D48: 47 | E48: A69-2801-201253 | F48: =VALUE(RIGHT(E48,6)) -> 201253 | H48: 1638359 | I48: A69-2801-201131
A49: 48 | B49: 3DD.003E185F64 | D49: 48 | E49: A69-2801-201250 | F49: =VALUE(RIGHT(E49,6)) -> 201250 | H49: 1638360 | I49: A69-2801-201132
A50: 49 | B50: 3DD.003E185F5A | D50: 49 | E50: A69-2801-201248 | F50: =VALUE(RIGHT(E50,6)) -> 201248 | H50: 1638361 | I50: A69-2801-201133
A51: 50 | B51: 3DD.003E185F39 | D51: 50 | E51: A69-2801-201251 | F51: =VALUE(RIGHT(E51,6)) -> 201251 | H51: 1638362 | I51: A69-2801-201134
A52: 51 | B52: 3DD.003E185F57
A53: 52 | B53: 3DD.003E185F56
A54: 53 | B54: 3DD.003E185F79
A55: 54 | B55: 3DD.003E185F5D
A56: 55 | B56: 3DD.003E185F4E
A57: 56 | B57: 3DD.003E185F46
A58: 57 | B58: 3DD.003E185F4B
A59: 58 | B59: 3DD.003E185F80
A60: 59 | B60: 3DD.003E185F55
A61: 60 | B61: 3DD.003E185F44

Sheet Sheet2
A1: Serial_N | B1: V16.CODE.Full
A2: 1645258 | B2: A69-2801-201212
A3: 1645259 | B3: A69-2801-201213
A4: 1645260 | B4: A69-2801-201214
A5: 1645261 | B5: A69-2801-201215
A6: 1645262 | B6: A69-2801-201216
A7: 1645263 | B7: A69-2801-201217
A8: 1645264 | B8: A69-2801-201218
A9: 1645265 | B9: A69-2801-201219
A10: 1645266 | B10: A69-2801-201220
A11: 1645267 | B11: A69-2801-201221
A12: 1645268 | B12: A69-2801-201222
A13: 1645269 | B13: A69-2801-201223
... A51: 1638362 | B51: A69-2801-201134

Sheet Trip(1)
A1: Fish # | B1: Species | C1: PIT # | D1: V16 Short | E1: Clip # | F1: FL | G1: TL | H1: Interorbital | I1: Inside Mouth | J1: Outside Mouth | K1: Recap | L1: Notes | N1: PIT CODE | O1: V16 CODE Full | P1: M/O Ratio | Q1: Determined Species | R1: Sex | T1: Date | U1: River | V1: Site | W1: Easting | X1: Northing | Y1: Notes
A2: 1 | B2: AST | C2: 1 | D2: 201133 | E2: 1 | F2: 138 | G2: 158 | H2: 102 | I2: 33.7 | J2: 61 | K2: N | N2: =_xlfn.XLOOKUP(C2, Sheet1!A:A, Sheet1!B:B, "") -> 3DD.003E185F8C | O2: =_xlfn.XLOOKUP(D2, Sheet1!F:F, Sheet1!E:E, "") -> A69-2801-201133 | P2: =IF(OR(I2="",H2=""),"",I2/H2) -> 0.33039216 | Q2: =IF(P2="", "UKN", IF(P2<0.55, "AST", IF(P2>0.62, "SNS", "UKN"))) -> AST | R2: U | T2: 45867 | U2: Kennebec | V2: Gardiner | W2: 438716 | X2: 4899033
A3: 2 | B3: AST | C3: 2 | D3: 201127 | E3: 2 | F3: 156 | G3: 179 | H3: 138 | I3: 61 | J3: 101 | K3: N | N3: =_xlfn.XLOOKUP(C3, Sheet1!A:A, Sheet1!B:B, "") -> 3DD.003E185F8D | O3: =_xlfn.XLOOKUP(D3, Sheet1!F:F, Sheet1!E:E, "") -> A69-2801-201127 | P3: =IF(OR(I3="",H3=""),"",I3/H3) -> 0.44202899 | Q3: =IF(P3="", "UKN", IF(P3<0.55, "AST", IF(P3>0.62, "SNS", "UKN"))) -> AST | R3: U
A4: 3 | B4: AST | C4: 3 | D4: 201134 | E4: 3 | F4: 116 | G4: 179 | H4: 138 | I4: 41.6 | J4: 71.3 | K4: N | N4: =_xlfn.XLOOKUP(C4, Sheet1!A:A, Sheet1!B:B, "") -> 3DD.003E185F93 | O4: =_xlfn.XLOOKUP(D4, Sheet1!F:F, Sheet1!E:E, "") -> A69-2801-201134 | P4: =IF(OR(I4="",H4=""),"",I4/H4) -> 0.30144928 | Q4: =IF(P4="", "UKN", IF(P4<0.55, "AST", IF(P4>0.62, "SNS", "UKN"))) -> AST | R4: U
A5: 4 | B5: AST | C5: 4 | D5: 201128 | E5: 4 | F5: 174.2 | G5: 194.7 | I5: 53 | J5: 87 | K5: N | N5: =_xlfn.XLOOKUP(C5, Sheet1!A:A, Sheet1!B:B, "") -> 3DD.003E185F8F | O5: =_xlfn.XLOOKUP(D5, Sheet1!F:F, Sheet1!E:E, "") -> A69-2801-201128 | P5: =IF(OR(I5="",H5=""),"",I5/H5) | Q5: =IF(P5="", "UKN", IF(P5<0.55, "AST", IF(P5>0.62, "SNS", "UKN"))) -> UKN | R5: U
A6: 5 | B6: AST | C6: R | D6: 201228 | E6: 5 | F6: 197 | G6: 225 | I6: 74.5 | J6: 102.6 | K6: Y | L6: UMAINE RECAPTURE | N6: 3D9.257C65BA2C | O6: =_xlfn.XLOOKUP(D6, Sheet1!F:F, Sheet1!E:E, "") -> A69-2801-201228 | P6: =IF(OR(I6="",H6=""),"",I6/H6) | Q6: =IF(P6="", "UKN", IF(P6<0.55, "AST", IF(P6>0.62, "SNS", "UKN"))) -> UKN | R6: U
A7: 6 | B7: AST | C7: 6 | D7: 201131 | E7: 6 | F7: 156.3 | G7: 177.9 | H7: 127.37 | I7: 56.91 | J7: 89.37 | K7: N | L7: Stayed at surface post release | N7: =_xlfn.XLOOKUP(C7, Sheet1!A:A, Sheet1!B:B, "") -> 3DD.003E185F77 | O7: =_xlfn.XLOOKUP(D7, Sheet1!F:F, Sheet1!E:E, "") -> A69-2801-201131 | P7: =IF(OR(I7="",H7=""),"",I7/H7) -> 0.44680851 | Q7: =IF(P7="", "UKN", IF(P7<0.55, "AST", IF(P7>0.62, "SNS", "UKN"))) -> AST | R7: U
A8: 7 | B8: AST | C8: 7 | D8: 201130 | E8: 7 | F8: 134 | G8: 149.5 | H8: 110.5 | I8: 48.8 | J8: 75.1 | K8: N | N8: =_xlfn.XLOOKUP(C8, Sheet1!A:A, Sheet1!B:B, "") -> 3DD.003E185F76 | O8: =_xlfn.XLOOKUP(D8, Sheet1!F:F, Sheet1!E:E, "") -> A69-2801-201130 | P8: =IF(OR(I8="",H8=""),"",I8/H8) -> 0.44162896 | Q8: =IF(P8="", "UKN", IF(P8<0.55, "AST", IF(P8>0.62, "SNS", "UKN"))) -> AST | R8: U
A9: 8 | B9: AST | C9: 8 | D9: 201132 | E9: 8 | F9: 149.3 | G9: 173.1 | H9: 127.6 | I9: 46.98 | J9: 71.95 | K9: N | N9: =_xlfn.XLOOKUP(C9, Sheet1!A:A, Sheet1!B:B, "") -> 3DD.003E185F92 | O9: =_xlfn.XLOOKUP(D9, Sheet1!F:F, Sheet1!E:E, "") -> A69-2801-201132 | P9: =IF(OR(I9="",H9=""),"",I9/H9) -> 0.36818182 | Q9: =IF(P9="", "UKN", IF(P9<0.55, "AST", IF(P9>0.62, "SNS", "UKN"))) -> AST | R9: U
A10: 9 | B10: AST | C10: 9 | D10: 201212 | E10: 9 | F10: 147 | G10: 170 | H10: 117.37 | I10: 50.15 | J10: 71.64 | K10: N | L10: Milt | N10: =_xlfn.XLOOKUP(C10, Sheet1!A:A, Sheet1!B:B, "") -> 3DD.003E185F95 | O10: =_xlfn.XLOOKUP(D10, Sheet1!F:F, Sheet1!E:E, "") -> A69-2801-201212 | P10: =IF(OR(I10="",H10=""),"",I10/H10) -> 0.42728125 | Q10: =IF(P10="", "UKN", IF(P10<0.55, "AST", IF(P10>0.62, "SNS", "UKN"))) -> AST | R10: M
A11: 10 | B11: AST | C11: 10 | D11: 201215 | E11: 10 | F11: 143.4 | G11: 166 | H11: 117.2 | I11: 55.6 | J11: 71.2 | K11: N | L11: Milt | N11: =_xlfn.XLOOKUP(C11, Sheet1!A:A, Sheet1!B:B, "") -> 3DD.003E185F86 | O11: =_xlfn.XLOOKUP(D11, Sheet1!F:F, Sheet1!E:E, "") -> A69-2801-201215 | P11: =IF(OR(I11="",H11=""),"",I11/H11) -> 0.47440273 | Q11: =IF(P11="", "UKN", IF(P11<0.55, "AST", IF(P11>0.62, "SNS", "UKN"))) -> AST | R11: M

Sheet Trip (2)
A1: Fish # | B1: Species | C1: PIT # | D1: V16 Short | E1: Clip # | F1: FL | G1: TL | H1: Interorbital | I1: Inside Mouth | J1: Outside Mouth | K1: Recap | L1: Notes | N1: PIT CODE | O1: V16 CODE Full | P1: M/O Ratio | Q1: Determined Species | R1: Sex | T1: Date | U1: River | V1: Site | W1: Easting | X1: Northing | Y1: Notes
A2: 11 | B2: SNS | C2: 11 | D2: 201219 | E2: 11 | F2: 73.1 | G2: 88.2 | H2: 54 | I2: 36 | J2: 41 | K2: N | N2: =_xlfn.XLOOKUP(C2, Sheet1!A:A, Sheet1!B:B, "") -> 3DD.003E185F7F | O2: =IF(D2="", "", _xlfn.XLOOKUP(D2, Sheet1!F:F, Sheet1!E:E, "")) -> A69-2801-201219 | P2: =IF(OR(I2="",H2=""),"",I2/H2) -> 0.66666667 | Q2: =IF(P2="", "UKN", IF(P2<0.55, "AST", IF(P2>0.62, "SNS", "UKN"))) -> SNS | R2: U | T2: 45873 | U2: Kennebec | V2: Hallowell | W2: 437291 | X2: 4902372
A3: 12 | B3: SNS | C3: 12 | D3: 201218 | E3: 12 | F3: 68.9 | G3: 82.8 | H3: 57 | I3: 38 | J3: 46 | K3: N | N3: =_xlfn.XLOOKUP(C3, Sheet1!A:A, Sheet1!B:B, "") -> 3DD.003E185F94 | O3: =IF(D3="", "", _xlfn.XLOOKUP(D3, Sheet1!F:F, Sheet1!E:E, "")) -> A69-2801-201218 | P3: =IF(OR(I3="",H3=""),"",I3/H3) -> 0.66666667 | Q3: =IF(P3="", "UKN", IF(P3<0.55, "AST", IF(P3>0.62, "SNS", "UKN"))) -> SNS | R3: U
A4: 13 | B4: SNS | C4: 13 | D4: 201216 | E4: 13 | F4: 65.6 | G4: 76.6 | H4: 51 | I4: 40 | J4: 47 | K4: N | N4: =_xlfn.XLOOKUP(C4, Sheet1!A:A, Sheet1!B:B, "") -> 3DD.003E185F74 | O4: =IF(D4="", "", _xlfn.XLOOKUP(D4, Sheet1!F:F, Sheet1!E:E, "")) -> A69-2801-201216 | P4: =IF(OR(I4="",H4=""),"",I4/H4) -> 0.78431373 | Q4: =IF(P4="", "UKN", IF(P4<0.55, "AST", IF(P4>0.62, "SNS", "UKN"))) -> SNS | R4: U
A5: 14 | B5: SNS | C5: 14 | D5: 201221 | E5: 14 | F5: 75.8 | G5: 86.2 | H5: 59 | I5: 46 | J5: 54 | K5: N | L5: NO RIGHT PEC | N5: =_xlfn.XLOOKUP(C5, Sheet1!A:A, Sheet1!B:B, "") -> 3DD.003E185F91 | O5: =IF(D5="", "", _xlfn.XLOOKUP(D5, Sheet1!F:F, Sheet1!E:E, "")) -> A69-2801-201221 | P5: =IF(OR(I5="",H5=""),"",I5/H5) -> 0.77966102 | Q5: =IF(P5="", "UKN", IF(P5<0.55, "AST", IF(P5>0.62, "SNS", "UKN"))) -> SNS | R5: U
A6: 15 | B6: SNS | C6: 15 | D6: 201220 | E6: 15 | F6: 65.2 | G6: 77.1 | H6: 50 | I6: 36 | J6: 43 | K6: N | L6: WOUND L | N6: =_xlfn.XLOOKUP(C6, Sheet1!A:A, Sheet1!B:B, "") -> 3DD.003E185F90 | O6: =IF(D6="", "", _xlfn.XLOOKUP(D6, Sheet1!F:F, Sheet1!E:E, "")) -> A69-2801-201220 | P6: =IF(OR(I6="",H6=""),"",I6/H6) -> 0.72 | Q6: =IF(P6="", "UKN", IF(P6<0.55, "AST", IF(P6>0.62, "SNS", "UKN"))) -> SNS | R6: U
A7: 16 | B7: SNS | C7: 16 | D7: 201129 | E7: 16 | F7: 74 | G7: 84.8 | H7: 57 | I7: 44 | J7: 55 | K7: N | L7: CAUDAL DEFORMITY | N7: =_xlfn.XLOOKUP(C7, Sheet1!A:A, Sheet1!B:B, "") -> 3DD.003E185F78 | O7: =IF(D7="", "", _xlfn.XLOOKUP(D7, Sheet1!F:F, Sheet1!E:E, "")) -> A69-2801-201129 | P7: =IF(OR(I7="",H7=""),"",I7/H7) -> 0.77192982 | Q7: =IF(P7="", "UKN", IF(P7<0.55, "AST", IF(P7>0.62, "SNS", "UKN"))) -> SNS | R7: U
A8: 17 | B8: SNS | C8: 17 | D8: 201223 | E8: 17 | F8: 65.8 | G8: 76.8 | H8: 49 | I8: 37 | J8: 46 | K8: N | N8: =_xlfn.XLOOKUP(C8, Sheet1!A:A, Sheet1!B:B, "") -> 3DD.003E185F87 | O8: =IF(D8="", "", _xlfn.XLOOKUP(D8, Sheet1!F:F, Sheet1!E:E, "")) -> A69-2801-201223 | P8: =IF(OR(I8="",H8=""),"",I8/H8) -> 0.75510204 | Q8: =IF(P8="", "UKN", IF(P8<0.55, "AST", IF(P8>0.62, "SNS", "UKN"))) -> SNS | R8: U
A9: 18 | B9: SNS | C9: 18 | D9: 201222 | E9: 18 | F9: 70.6 | G9: 82.6 | H9: 52 | I9: 44 | J9: 51 | K9: N | N9: =_xlfn.XLOOKUP(C9, Sheet1!A:A, Sheet1!B:B, "") -> 3DD.003E185F6C | O9: =IF(D9="", "", _xlfn.XLOOKUP(D9, Sheet1!F:F, Sheet1!E:E, "")) -> A69-2801-201222 | P9: =IF(OR(I9="",H9=""),"",I9/H9) -> 0.84615385 | Q9: =IF(P9="", "UKN", IF(P9<0.55, "AST", IF(P9>0.62, "SNS", "UKN"))) -> SNS | R9: U
A10: 19 | B10: SNS | C10: 19 | D10: 201217 | E10: 19 | F10: 68.2 | G10: 82.6 | H10: 51 | I10: 44 | J10: 52 | K10: N | N10: =_xlfn.XLOOKUP(C10, Sheet1!A:A, Sheet1!B:B, "") -> 3DD.003E185F89 | O10: =IF(D10="", "", _xlfn.XLOOKUP(D10, Sheet1!F:F, Sheet1!E:E, "")) -> A69-2801-201217 | P10: =IF(OR(I10="",H10=""),"",I10/H10) -> 0.8627451 | Q10: =IF(P10="", "UKN", IF(P10<0.55, "AST", IF(P10>0.62, "SNS", "UKN"))) -> SNS | R10: U
A11: 20 | B11: SNS | C11: 20 | D11: 201214 | E11: 20 | F11: 58.8 | G11: 70.4 | H11: 51 | I11: 35 | J11: 43 | K11: N | N11: =_xlfn.XLOOKUP(C11, Sheet1!A:A, Sheet1!B:B, "") -> 3DD.003E185F8E | O11: =IF(D11="", "", _xlfn.XLOOKUP(D11, Sheet1!F:F, Sheet1!E:E, "")) -> A69-2801-201214 | P11: =IF(OR(I11="",H11=""),"",I11/H11) -> 0.68627451 | Q11: =IF(P11="", "UKN", IF(P11<0.55, "AST", IF(P11>0.62, "SNS", "UKN"))) -> SNS | R11: U
A12: 21 | B12: SNS | C12: 21 | D12: 201213 | E12: 21 | F12: 59 | G12: 69.6 | H12: 47 | I12: 36 | J12: 42 | K12: N | N12: =_xlfn.XLOOKUP(C12, Sheet1!A:A, Sheet1!B:B, "") -> 3DD.003E185F88 | O12: =IF(D12="", "", _xlfn.XLOOKUP(D12, Sheet1!F:F, Sheet1!E:E, "")) -> A69-2801-201213 | P12: =IF(OR(I12="",H12=""),"",I12/H12) -> 0.76595745 | Q12: =IF(P12="", "UKN", IF(P12<0.55, "AST", IF(P12>0.62, "SNS", "UKN"))) -> SNS | R12: U
A13: 22 | B13: SNS | C13: 23 | D13: 201225 | E13: 22 | F13: 63.4 | G13: 75.2 | H13: 46 | I13: 35 | J13: 43 | K13: N | N13: =_xlfn.XLOOKUP(C13, Sheet1!A:A, Sheet1!B:B, "") -> 3DD.003E185F85 | O13: =IF(D13="", "", _xlfn.XLOOKUP(D13, Sheet1!F:F, Sheet1!E:E, "")) -> A69-2801-201225 | P13: =IF(OR(I13="",H13=""),"",I13/H13) -> 0.76086957 | Q13: =IF(P13="", "UKN", IF(P13<0.55, "AST", IF(P13>0.62, "SNS", "UKN"))) -> SNS | R13: U
A14: 23 | B14: SNS | C14: 24 | D14: 201224 | E14: 23 | F14: 65.4 | G14: 77 | H14: 51 | I14: 57 | J14: 45 | K14: N | N14: =_xlfn.XLOOKUP(C14, Sheet1!A:A, Sheet1!B:B, "") -> 3DD.003E185F68 | O14: =IF(D14="", "", _xlfn.XLOOKUP(D14, Sheet1!F:F, Sheet1!E:E, "")) -> A69-2801-201224 | P14: =IF(OR(I14="",H14=""),"",I14/H14) -> 1.1176471 | Q14: =IF(P14="", "UKN", IF(P14<0.55, "AST", IF(P14>0.62, "SNS", "UKN"))) -> SNS | R14: U
A15: 24 | B15: SNS | C15: 25 | E15: 24 | F15: 61.4 | G15: 72.3 | H15: 47 | I15: 36 | J15: 43 | K15: N | N15: =_xlfn.XLOOKUP(C15, Sheet1!A:A, Sheet1!B:B, "") -> 3DD.003E185F69 | O15: =IF(D15="", "", _xlfn.XLOOKUP(D15, Sheet1!F:F, Sheet1!E:E, "")) | P15: =IF(OR(I15="",H15=""),"",I15/H15) -> 0.76595745 | Q15: =IF(P15="", "UKN", IF(P15<0.55, "AST", IF(P15>0.62, "SNS", "UKN"))) -> SNS | R15: U
O16: =IF(D16="", "", _xlfn.XLOOKUP(D16, Sheet1!F:F, Sheet1!E:E, ""))
O17: =IF(D17="", "", _xlfn.XLOOKUP(D17, Sheet1!F:F, Sheet1!E:E, ""))
O18: =IF(D18="", "", _xlfn.XLOOKUP(D18, Sheet1!F:F, Sheet1!E:E, ""))
O19: =IF(D19="", "", _xlfn.XLOOKUP(D19, Sheet1!F:F, Sheet1!E:E, ""))
O20: =IF(D20="", "", _xlfn.XLOOKUP(D20, Sheet1!F:F, Sheet1!E:E, ""))
O21: =IF(D21="", "", _xlfn.XLOOKUP(D21, Sheet1!F:F, Sheet1!E:E, ""))
O22: =IF(D22="", "", _xlfn.XLOOKUP(D22, Sheet1!F:F, Sheet1!E:E, ""))
O23: =IF(D23="", "", _xlfn.XLOOKUP(D23, Sheet1!F:F, Sheet1!E:E, ""))
O24: =IF(D24="", "", _xlfn.XLOOKUP(D24, Sheet1!F:F, Sheet1!E:E, ""))
O25: =IF(D25="", "", _xlfn.XLOOKUP(D25, Sheet1!F:F, Sheet1!E:E, ""))
O26: =IF(D26="", "", _xlfn.XLOOKUP(D26, Sheet1!F:F, Sheet1!E:E, ""))
O27: =IF(D27="", "", _xlfn.XLOOKUP(D27, Sheet1!F:F, Sheet1!E:E, ""))
... O36: =IF(D36="", "", _xlfn.XLOOKUP(D36, Sheet1!F:F, Sheet1!E:E, ""))

Sheet Trip (3)
A1: Fish # | B1: Species | C1: PIT # | D1: V16 Short | E1: Clip # | F1: FL | G1: TL | H1: Interorbital | I1: Inside Mouth | J1: Outside Mouth | K1: Recap | L1: Notes | N1: PIT CODE | O1: V16 CODE Full | P1: M/O Ratio | Q1: Determined Species | R1: Sex | T1: Date | U1: River | V1: Site | W1: Easting | X1: Northing | Y1: Notes
A2: 25 | B2: SNS | C2: R | D2: 201244 | E2: 26 | F2: 91.1 | G2: 105 | H2: 73.1 | I2: 49.1 | J2: 59.8 | K2: Y | L2: UMAINE RECAPTURE | N2: 3DD.003BEF3671 | O2: =IF(D2="", "", _xlfn.XLOOKUP(D2, Sheet1!F:F, Sheet1!E:E, "")) -> A69-2801-201244 | P2: =IF(OR(I2="",H2=""),"",I2/H2) -> 0.67168263 | Q2: =IF(P2="", "UKN", IF(P2<0.55, "AST", IF(P2>0.62, "SNS", "UKN"))) -> SNS | R2: U | T2: 45874 | U2: Penobscot | V2: The Spindle | W2: 514494 | X2: 4948116
A3: 26 | B3: SNS | C3: 26 | D3: 201236 | E3: 27 | F3: 87.3 | G3: 102.4 | H3: 67.7 | I3: 47.2 | J3: 53.7 | K3: N | N3: =IF(C3="", "", _xlfn.XLOOKUP(C3, Sheet1!A:A, Sheet1!B:B, "")) -> 3DD.003E185F7B | O3: =IF(D3="", "", _xlfn.XLOOKUP(D3, Sheet1!F:F, Sheet1!E:E, "")) -> A69-2801-201236 | P3: =IF(OR(I3="",H3=""),"",I3/H3) -> 0.6971935 | Q3: =IF(P3="", "UKN", IF(P3<0.55, "AST", IF(P3>0.62, "SNS", "UKN"))) -> SNS
A4: 27 | B4: SNS | C4: 27 | D4: 201241 | E4: 28 | F4: 95 | G4: 109.7 | H4: 71 | I4: 49 | J4: 61 | K4: N | N4: =IF(C4="", "", _xlfn.XLOOKUP(C4, Sheet1!A:A, Sheet1!B:B, "")) -> 3DD.003E185F82 | O4: =IF(D4="", "", _xlfn.XLOOKUP(D4, Sheet1!F:F, Sheet1!E:E, "")) -> A69-2801-201241 | P4: =IF(OR(I4="",H4=""),"",I4/H4) -> 0.69014085 | Q4: =IF(P4="", "UKN", IF(P4<0.55, "AST", IF(P4>0.62, "SNS", "UKN"))) -> SNS
A5: 28 | B5: SNS | C5: 28 | D5: 201245 | E5: 29 | F5: 109.2 | G5: 118 | H5: 69.1 | I5: 48.5 | J5: 66.8 | K5: N | N5: =IF(C5="", "", _xlfn.XLOOKUP(C5, Sheet1!A:A, Sheet1!B:B, "")) -> 3DD.003E185F6E | O5: =IF(D5="", "", _xlfn.XLOOKUP(D5, Sheet1!F:F, Sheet1!E:E, "")) -> A69-2801-201245 | P5: =IF(OR(I5="",H5=""),"",I5/H5) -> 0.70188133 | Q5: =IF(P5="", "UKN", IF(P5<0.55, "AST", IF(P5>0.62, "SNS", "UKN"))) -> SNS
A6: 29 | B6: AST | C6: 29 | D6: 201246 | E6: 30 | F6: 94.4 | G6: 113.2 | H6: 77.8 | I6: 37.6 | J6: 51.4 | K6: N | N6: =IF(C6="", "", _xlfn.XLOOKUP(C6, Sheet1!A:A, Sheet1!B:B, "")) -> 3DD.003E185F8B | O6: =IF(D6="", "", _xlfn.XLOOKUP(D6, Sheet1!F:F, Sheet1!E:E, "")) -> A69-2801-201246 | P6: =IF(OR(I6="",H6=""),"",I6/H6) -> 0.48329049 | Q6: =IF(P6="", "UKN", IF(P6<0.55, "AST", IF(P6>0.62, "SNS", "UKN"))) -> AST
A7: 30 | B7: AST | C7: 30 | D7: 201243 | E7: 31 | F7: 87 | G7: 101.4 | H7: 63 | I7: 33 | J7: 47 | K7: N | N7: =IF(C7="", "", _xlfn.XLOOKUP(C7, Sheet1!A:A, Sheet1!B:B, "")) -> 3DD.003E185F8A | O7: =IF(D7="", "", _xlfn.XLOOKUP(D7, Sheet1!F:F, Sheet1!E:E, "")) -> A69-2801-201243 | P7: =IF(OR(I7="",H7=""),"",I7/H7) -> 0.52380952 | Q7: =IF(P7="", "UKN", IF(P7<0.55, "AST", IF(P7>0.62, "SNS", "UKN"))) -> AST
A8: 31 | B8: AST | C8: 31 | D8: 201242 | E8: 32 | F8: 90.4 | G8: 108.6 | H8: 71 | I8: 36.1 | J8: 55.9 | K8: N | L8: RIGHT PECTORAL WOUND | N8: =IF(C8="", "", _xlfn.XLOOKUP(C8, Sheet1!A:A, Sheet1!B:B, "")) -> 3DD.003E185F7C | O8: =IF(D8="", "", _xlfn.XLOOKUP(D8, Sheet1!F:F, Sheet1!E:E, "")) -> A69-2801-201242 | P8: =IF(OR(I8="",H8=""),"",I8/H8) -> 0.5084507 | Q8: =IF(P8="", "UKN", IF(P8<0.55, "AST", IF(P8>0.62, "SNS", "UKN"))) -> AST
A9: 32 | B9: SNS | C9: R | D9: 201247 | E9: 33 | F9: 90.3 | G9: 104.8 | H9: 68 | I9: 39 | J9: 55 | K9: Y | L9: UMAINE RECAPTURE | N9: 3D9.1C2D7E000E | O9: =IF(D9="", "", _xlfn.XLOOKUP(D9, Sheet1!F:F, Sheet1!E:E, "")) -> A69-2801-201247 | P9: =IF(OR(I9="",H9=""),"",I9/H9) -> 0.57352941 | Q9: =IF(P9="", "UKN", IF(P9<0.55, "AST", IF(P9>0.62, "SNS", "UKN"))) -> UKN
A10: 33 | B10: SNS | C10: R | D10: 201232 | E10: 34 | F10: 89 | G10: 100.4 | H10: 67 | I10: 38 | J10: 59 | K10: Y | L10: UMAINE RECAPTURE | N10: 3D9.1C2D6CC918 | O10: =IF(D10="", "", _xlfn.XLOOKUP(D10, Sheet1!F:F, Sheet1!E:E, "")) -> A69-2801-201232 | P10: =IF(OR(I10="",H10=""),"",I10/H10) -> 0.56716418 | Q10: =IF(P10="", "UKN", IF(P10<0.55, "AST", IF(P10>0.62, "SNS", "UKN"))) -> UKN
A11: 34 | B11: SNS | C11: R | D11: 201234 | E11: 35 | F11: 86.8 | G11: 101 | H11: 62 | I11: 47 | J11: 54 | K11: Y | L11: UMAINE RECAPTURE | N11: 3DD.003D99263F | O11: =IF(D11="", "", _xlfn.XLOOKUP(D11, Sheet1!F:F, Sheet1!E:E, "")) -> A69-2801-201234 | P11: =IF(OR(I11="",H11=""),"",I11/H11) -> 0.75806452 | Q11: =IF(P11="", "UKN", IF(P11<0.55, "AST", IF(P11>0.62, "SNS", "UKN"))) -> SNS
A12: 35 | B12: AST | C12: 32 | D12: 201229 | E12: 36 | F12: 159.2 | G12: 185.3 | H12: 120 | I12: 59.7 | J12: 85.9 | K12: N | N12: =IF(C12="", "", _xlfn.XLOOKUP(C12, Sheet1!A:A, Sheet1!B:B, "")) -> 3DD.003E185F81 | O12: =IF(D12="", "", _xlfn.XLOOKUP(D12, Sheet1!F:F, Sheet1!E:E, "")) -> A69-2801-201229 | P12: =IF(OR(I12="",H12=""),"",I12/H12) -> 0.4975 | Q12: =IF(P12="", "UKN", IF(P12<0.55, "AST", IF(P12>0.62, "SNS", "UKN"))) -> AST
A13: 36 | B13: AST | C13: 33 | E13: 37 | F13: 79.8 | G13: 90.6 | H13: 63 | I13: 34 | J13: 49 | K13: N | L13: NO AC TAG | N13: =IF(C13="", "", _xlfn.XLOOKUP(C13, Sheet1!A:A, Sheet1!B:B, "")) -> 3DD.003E185F6F | O13: =IF(D13="", "", _xlfn.XLOOKUP(D13, Sheet1!F:F, Sheet1!E:E, "")) | P13: =IF(OR(I13="",H13=""),"",I13/H13) -> 0.53968254 | Q13: =IF(P13="", "UKN", IF(P13<0.55, "AST", IF(P13>0.62, "SNS", "UKN"))) -> AST
A14: 37 | B14: AST | C14: 34 | D14: 201233 | E14: 38 | F14: 90 | G14: 105.8 | H14: 73 | I14: 39 | J14: 52 | K14: N | N14: =IF(C14="", "", _xlfn.XLOOKUP(C14, Sheet1!A:A, Sheet1!B:B, "")) -> 3DD.003E185F7A | O14: =IF(D14="", "", _xlfn.XLOOKUP(D14, Sheet1!F:F, Sheet1!E:E, "")) -> A69-2801-201233 | P14: =IF(OR(I14="",H14=""),"",I14/H14) -> 0.53424658 | Q14: =IF(P14="", "UKN", IF(P14<0.55, "AST", IF(P14>0.62, "SNS", "UKN"))) -> AST
A15: 38 | B15: SNS | C15: 35 | D15: 201239 | E15: 39 | F15: 94.8 | G15: 108.8 | H15: 73 | I15: 50 | J15: 66 | K15: N | L15: JOE THINKS ITS UGLY | N15: =IF(C15="", "", _xlfn.XLOOKUP(C15, Sheet1!A:A, Sheet1!B:B, "")) -> 3DD.003E185F66 | O15: =IF(D15="", "", _xlfn.XLOOKUP(D15, Sheet1!F:F, Sheet1!E:E, "")) -> A69-2801-201239 | P15: =IF(OR(I15="",H15=""),"",I15/H15) -> 0.68493151 | Q15: =IF(P15="", "UKN", IF(P15<0.55, "AST", IF(P15>0.62, "SNS", "UKN"))) -> SNS
A16: 39 | B16: AST | C16: 36 | D16: 201240 | E16: 40 | F16: 85.6 | G16: 103 | H16: 79 | I16: 34 | J16: 53 | K16: N | N16: =IF(C16="", "", _xlfn.XLOOKUP(C16, Sheet1!A:A, Sheet1!B:B, "")) -> 3DD.003E185F83 | O16: =IF(D16="", "", _xlfn.XLOOKUP(D16, Sheet1!F:F, Sheet1!E:E, "")) -> A69-2801-201240 | P16: =IF(OR(I16="",H16=""),"",I16/H16) -> 0.43037975 | Q16: =IF(P16="", "UKN", IF(P16<0.55, "AST", IF(P16>0.62, "SNS", "UKN"))) -> AST
N17: =IF(C17="", "", _xlfn.XLOOKUP(C17, Sheet1!A:A, Sheet1!B:B, "")) | O17: =IF(D17="", "", _xlfn.XLOOKUP(D17, Sheet1!F:F, Sheet1!E:E, ""))
N18: =IF(C18="", "", _xlfn.XLOOKUP(C18, Sheet1!A:A, Sheet1!B:B, "")) | O18: =IF(D18="", "", _xlfn.XLOOKUP(D18, Sheet1!F:F, Sheet1!E:E, ""))
N19: =IF(C19="", "", _xlfn.XLOOKUP(C19, Sheet1!A:A, Sheet1!B:B, "")) | O19: =IF(D19="", "", _xlfn.XLOOKUP(D19, Sheet1!F:F, Sheet1!E:E, ""))
N20: =IF(C20="", "", _xlfn.XLOOKUP(C20, Sheet1!A:A, Sheet1!B:B, "")) | O20: =IF(D20="", "", _xlfn.XLOOKUP(D20, Sheet1!F:F, Sheet1!E:E, ""))
N21: =IF(C21="", "", _xlfn.XLOOKUP(C21, Sheet1!A:A, Sheet1!B:B, "")) | O21: =IF(D21="", "", _xlfn.XLOOKUP(D21, Sheet1!F:F, Sheet1!E:E, ""))
N22: =IF(C22="", "", _xlfn.XLOOKUP(C22, Sheet1!A:A, Sheet1!B:B, "")) | O22: =IF(D22="", "", _xlfn.XLOOKUP(D22, Sheet1!F:F, Sheet1!E:E, ""))
N23: =IF(C23="", "", _xlfn.XLOOKUP(C23, Sheet1!A:A, Sheet1!B:B, "")) | O23: =IF(D23="", "", _xlfn.XLOOKUP(D23, Sheet1!F:F, Sheet1!E:E, ""))
N24: =IF(C24="", "", _xlfn.XLOOKUP(C24, Sheet1!A:A, Sheet1!B:B, "")) | O24: =IF(D24="", "", _xlfn.XLOOKUP(D24, Sheet1!F:F, Sheet1!E:E, ""))
N25: =IF(C25="", "", _xlfn.XLOOKUP(C25, Sheet1!A:A, Sheet1!B:B, "")) | O25: =IF(D25="", "", _xlfn.XLOOKUP(D25, Sheet1!F:F, Sheet1!E:E, ""))
N26: =IF(C26="", "", _xlfn.XLOOKUP(C26, Sheet1!A:A, Sheet1!B:B, "")) | O26: =IF(D26="", "", _xlfn.XLOOKUP(D26, Sheet1!F:F, Sheet1!E:E, ""))
N27: =IF(C27="", "", _xlfn.XLOOKUP(C27, Sheet1!A:A, Sheet1!B:B, "")) | O27: =IF(D27="", "", _xlfn.XLOOKUP(D27, Sheet1!F:F, Sheet1!E:E, ""))
N28: =IF(C28="", "", _xlfn.XLOOKUP(C28, Sheet1!A:A, Sheet1!B:B, "")) | O28: =IF(D28="", "", _xlfn.XLOOKUP(D28, Sheet1!F:F, Sheet1!E:E, ""))
... N34: =IF(C34="", "", _xlfn.XLOOKUP(C34, Sheet1!A:A, Sheet1!B:B, "")) | O34: =IF(D34="", "", _xlfn.XLOOKUP(D34, Sheet1!F:F, Sheet1!E:E, ""))
N35: =IF(C35="", "", _xlfn.XLOOKUP(C35, Sheet1!A:A, Sheet1!B:B, ""))
N36: =IF(C36="", "", _xlfn.XLOOKUP(C36, Sheet1!A:A, Sheet1!B:B, ""))

Sheet Trip (4)
A1: Fish # | B1: Species | C1: PIT # | D1: V16 Short | E1: Clip # | F1: FL | G1: TL | H1: Interorbital | I1: Inside Mouth | J1: Outside Mouth | K1: Recap | L1: Notes | N1: PIT CODE | O1: V16 CODE Full | P1: M/O Ratio | Q1: Determined Species | R1: Sex | T1: Date | U1: River | V1: Site | W1: Easting | X1: Northing | Y1: Notes
A2: 40 | B2: AST | C2: 37 | D2: 201235 | E2: 41 | F2: 109 | G2: 125 | H2: 91.4 | I2: 48.2 | J2: 68.4 | K2: N | N2: =IF(C2="", "", _xlfn.XLOOKUP(C2, Sheet1!A:A, Sheet1!B:B, "")) -> 3DD.003E185F6D | O2: =IF(D2="", "", _xlfn.XLOOKUP(D2, Sheet1!F:F, Sheet1!E:E, "")) -> A69-2801-201235 | P2: =IF(OR(I2="",H2=""),"",I2/H2) -> 0.5273523 | Q2: =IF(P2="", "UKN", IF(P2<0.55, "AST", IF(P2>0.62, "SNS", "UKN"))) -> AST | R2: U | T2: 45886 | U2: Penobscot | V2: The Spindle | W2: 514494 | X2: 4948116
A3: 41 | B3: AST | C3: 38 | D3: 201230 | E3: 42 | F3: 1 | G3: 114 | H3: 80 | I3: 43 | J3: 59 | K3: N | N3: =IF(C3="", "", _xlfn.XLOOKUP(C3, Sheet1!A:A, Sheet1!B:B, "")) -> 3DD.003E185F6B | O3: =IF(D3="", "", _xlfn.XLOOKUP(D3, Sheet1!F:F, Sheet1!E:E, "")) -> A69-2801-201230 | P3: =IF(OR(I3="",H3=""),"",I3/H3) -> 0.5375 | Q3: =IF(P3="", "UKN", IF(P3<0.55, "AST", IF(P3>0.62, "SNS", "UKN"))) -> AST
A4: 42 | B4: AST | C4: 39 | D4: 201231 | E4: 43 | F4: 103 | G4: 123 | H4: 85 | I4: 43 | J4: 64 | K4: N | N4: =IF(C4="", "", _xlfn.XLOOKUP(C4, Sheet1!A:A, Sheet1!B:B, "")) -> 3DD.003E185F73 | O4: =IF(D4="", "", _xlfn.XLOOKUP(D4, Sheet1!F:F, Sheet1!E:E, "")) -> A69-2801-201231 | P4: =IF(OR(I4="",H4=""),"",I4/H4) -> 0.50588235 | Q4: =IF(P4="", "UKN", IF(P4<0.55, "AST", IF(P4>0.62, "SNS", "UKN"))) -> AST
A5: 43 | B5: AST | C5: 40 | E5: 44 | F5: 93 | G5: 105.8 | H5: 76 | I5: 36.4 | J5: 55.4 | K5: N | N5: =IF(C5="", "", _xlfn.XLOOKUP(C5, Sheet1!A:A, Sheet1!B:B, "")) -> 3DD.003E185F71 | O5: =IF(D5="", "", _xlfn.XLOOKUP(D5, Sheet1!F:F, Sheet1!E:E, "")) | P5: =IF(OR(I5="",H5=""),"",I5/H5) -> 0.47894737 | Q5: =IF(P5="", "UKN", IF(P5<0.55, "AST", IF(P5>0.62, "SNS", "UKN"))) -> AST
A6: 44 | B6: AST | C6: 41 | E6: 45 | F6: 84.2 | G6: 100.2 | H6: 65 | I6: 30.5 | J6: 46.7 | K6: N | N6: =IF(C6="", "", _xlfn.XLOOKUP(C6, Sheet1!A:A, Sheet1!B:B, "")) -> 3DD.003E185F5F | O6: =IF(D6="", "", _xlfn.XLOOKUP(D6, Sheet1!F:F, Sheet1!E:E, "")) | P6: =IF(OR(I6="",H6=""),"",I6/H6) -> 0.46923077 | Q6: =IF(P6="", "UKN", IF(P6<0.55, "AST", IF(P6>0.62, "SNS", "UKN"))) -> AST
A7: 45 | B7: AST | C7: 42 | D7: 201226 | E7: 46 | F7: 95 | G7: 112 | H7: 75 | I7: 34.8 | J7: 56.4 | K7: N | N7: =IF(C7="", "", _xlfn.XLOOKUP(C7, Sheet1!A:A, Sheet1!B:B, "")) -> 3DD.003E185F58 | O7: =IF(D7="", "", _xlfn.XLOOKUP(D7, Sheet1!F:F, Sheet1!E:E, "")) -> A69-2801-201226 | P7: =IF(OR(I7="",H7=""),"",I7/H7) -> 0.464 | Q7: =IF(P7="", "UKN", IF(P7<0.55, "AST", IF(P7>0.62, "SNS", "UKN"))) -> AST
A8: 46 | B8: AST | C8: 43 | E8: 47 | F8: 90 | G8: 107 | H8: 76 | I8: 32.2 | J8: 50.3 | K8: N | N8: =IF(C8="", "", _xlfn.XLOOKUP(C8, Sheet1!A:A, Sheet1!B:B, "")) -> 3DD.003E185F48 | O8: =IF(D8="", "", _xlfn.XLOOKUP(D8, Sheet1!F:F, Sheet1!E:E, "")) | P8: =IF(OR(I8="",H8=""),"",I8/H8) -> 0.42368421 | Q8: =IF(P8="", "UKN", IF(P8<0.55, "AST", IF(P8>0.62, "SNS", "UKN"))) -> AST
A9: 47 | B9: AST | C9: 44 | E9: 48 | F9: 83 | G9: 99.4 | H9: 65.6 | I9: 27.8 | J9: 46 | K9: N | N9: =IF(C9="", "", _xlfn.XLOOKUP(C9, Sheet1!A:A, Sheet1!B:B, "")) -> 3DD.003E185F61 | O9: =IF(D9="", "", _xlfn.XLOOKUP(D9, Sheet1!F:F, Sheet1!E:E, "")) | P9: =IF(OR(I9="",H9=""),"",I9/H9) -> 0.42378049 | Q9: =IF(P9="", "UKN", IF(P9<0.55, "AST", IF(P9>0.62, "SNS", "UKN"))) -> AST
A10: 48 | B10: AST | C10: 45 | D10: 201238 | E10: 49 | F10: 130 | G10: 152 | H10: 113 | I10: 49 | J10: 74 | K10: N | N10: =IF(C10="", "", _xlfn.XLOOKUP(C10, Sheet1!A:A, Sheet1!B:B, "")) -> 3DD.003E185F53 | O10: =IF(D10="", "", _xlfn.XLOOKUP(D10, Sheet1!F:F, Sheet1!E:E, "")) -> A69-2801-201238 | P10: =IF(OR(I10="",H10=""),"",I10/H10) -> 0.43362832 | Q10: =IF(P10="", "UKN", IF(P10<0.55, "AST", IF(P10>0.62, "SNS", "UKN"))) -> AST
A11: 49 | B11: SNS | C11: 46 | D11: 201252 | E11: 50 | F11: 94.6 | G11: 107.6 | H11: 75 | I11: 48 | J11: 70 | K11: N | N11: =IF(C11="", "", _xlfn.XLOOKUP(C11, Sheet1!A:A, Sheet1!B:B, "")) -> 3DD.003E185F84 | O11: =IF(D11="", "", _xlfn.XLOOKUP(D11, Sheet1!F:F, Sheet1!E:E, "")) -> A69-2801-201252 | P11: =IF(OR(I11="",H11=""),"",I11/H11) -> 0.64 | Q11: =IF(P11="", "UKN", IF(P11<0.55, "AST", IF(P11>0.62, "SNS", "UKN"))) -> SNS
A12: 50 | B12: SNS | C12: 47 | D12: 201251 | E12: 51 | F12: 85.4 | G12: 97 | H12: 63.1 | I12: 42.8 | J12: 53.5 | K12: N | N12: =IF(C12="", "", _xlfn.XLOOKUP(C12, Sheet1!A:A, Sheet1!B:B, "")) -> 3DD.003E185F67 | O12: =IF(D12="", "", _xlfn.XLOOKUP(D12, Sheet1!F:F, Sheet1!E:E, "")) -> A69-2801-201251 | P12: =IF(OR(I12="",H12=""),"",I12/H12) -> 0.67828843 | Q12: =IF(P12="", "UKN", IF(P12<0.55, "AST", IF(P12>0.62, "SNS", "UKN"))) -> SNS
A13: 51 | B13: SNS | C13: R | D13: 201227 | E13: 52 | F13: 96 | G13: 114.6 | H13: 66.5 | I13: 50.4 | J13: 69.2 | K13: N | L13: UMAINE RECAP | N13: 3DD.003BEF3727 | O13: =IF(D13="", "", _xlfn.XLOOKUP(D13, Sheet1!F:F, Sheet1!E:E, "")) -> A69-2801-201227 | P13: =IF(OR(I13="",H13=""),"",I13/H13) -> 0.75789474 | Q13: =IF(P13="", "UKN", IF(P13<0.55, "AST", IF(P13>0.62, "SNS", "UKN"))) -> SNS
N14: =IF(C14="", "", _xlfn.XLOOKUP(C14, Sheet1!A:A, Sheet1!B:B, "")) | O14: =IF(D14="", "", _xlfn.XLOOKUP(D14, Sheet1!F:F, Sheet1!E:E, ""))
N15: =IF(C15="", "", _xlfn.XLOOKUP(C15, Sheet1!A:A, Sheet1!B:B, "")) | O15: =IF(D15="", "", _xlfn.XLOOKUP(D15, Sheet1!F:F, Sheet1!E:E, ""))
N16: =IF(C16="", "", _xlfn.XLOOKUP(C16, Sheet1!A:A, Sheet1!B:B, "")) | O16: =IF(D16="", "", _xlfn.XLOOKUP(D16, Sheet1!F:F, Sheet1!E:E, ""))
N17: =IF(C17="", "", _xlfn.XLOOKUP(C17, Sheet1!A:A, Sheet1!B:B, "")) | O17: =IF(D17="", "", _xlfn.XLOOKUP(D17, Sheet1!F:F, Sheet1!E:E, ""))
N18: =IF(C18="", "", _xlfn.XLOOKUP(C18, Sheet1!A:A, Sheet1!B:B, "")) | O18: =IF(D18="", "", _xlfn.XLOOKUP(D18, Sheet1!F:F, Sheet1!E:E, ""))
N19: =IF(C19="", "", _xlfn.XLOOKUP(C19, Sheet1!A:A, Sheet1!B:B, "")) | O19: =IF(D19="", "", _xlfn.XLOOKUP(D19, Sheet1!F:F, Sheet1!E:E, ""))
N20: =IF(C20="", "", _xlfn.XLOOKUP(C20, Sheet1!A:A, Sheet1!B:B, "")) | O20: =IF(D20="", "", _xlfn.XLOOKUP(D20, Sheet1!F:F, Sheet1!E:E, ""))
N21: =IF(C21="", "", _xlfn.XLOOKUP(C21, Sheet1!A:A, Sheet1!B:B, "")) | O21: =IF(D21="", "", _xlfn.XLOOKUP(D21, Sheet1!F:F, Sheet1!E:E, ""))
N22: =IF(C22="", "", _xlfn.XLOOKUP(C22, Sheet1!A:A, Sheet1!B:B, "")) | O22: =IF(D22="", "", _xlfn.XLOOKUP(D22, Sheet1!F:F, Sheet1!E:E, ""))
N23: =IF(C23="", "", _xlfn.XLOOKUP(C23, Sheet1!A:A, Sheet1!B:B, "")) | O23: =IF(D23="", "", _xlfn.XLOOKUP(D23, Sheet1!F:F, Sheet1!E:E, ""))
N24: =IF(C24="", "", _xlfn.XLOOKUP(C24, Sheet1!A:A, Sheet1!B:B, "")) | O24: =IF(D24="", "", _xlfn.XLOOKUP(D24, Sheet1!F:F, Sheet1!E:E, ""))
N25: =IF(C25="", "", _xlfn.XLOOKUP(C25, Sheet1!A:A, Sheet1!B:B, "")) | O25: =IF(D25="", "", _xlfn.XLOOKUP(D25, Sheet1!F:F, Sheet1!E:E, ""))
... N34: =IF(C34="", "", _xlfn.XLOOKUP(C34, Sheet1!A:A, Sheet1!B:B, "")) | O34: =IF(D34="", "", _xlfn.XLOOKUP(D34, Sheet1!F:F, Sheet1!E:E, ""))
N35: =IF(C35="", "", _xlfn.XLOOKUP(C35, Sheet1!A:A, Sheet1!B:B, ""))
N36: =IF(C36="", "", _xlfn.XLOOKUP(C36, Sheet1!A:A, Sheet1!B:B, ""))

Sheet Trip (5)
A1: Fish # | B1: Species | C1: PIT # | D1: V16 Short | E1: Clip # | F1: FL | G1: TL | H1: Interorbital | I1: Inside Mouth | J1: Outside Mouth | K1: Recap | L1: Notes | N1: PIT CODE | O1: V16 CODE Full | P1: M/O Ratio | Q1: Determined Species | R1: Sex | T1: Date | U1: River | V1: Site | W1: Easting | X1: Northing | Y1: Notes
A2: 52 | B2: AST | C2: 48 | D2: 201237 | E2: 53 | F2: 115.4 | G2: 130.8 | H2: 93.1 | I2: 41 | J2: 69 | K2: N | N2: =IF(C2="", "", _xlfn.XLOOKUP(C2, Sheet1!A:A, Sheet1!B:B, "")) -> 3DD.003E185F64 | O2: =IF(D2="", "", _xlfn.XLOOKUP(D2, Sheet1!F:F, Sheet1!E:E, "")) -> A69-2801-201237 | P2: =IF(OR(I2="",H2=""),"",I2/H2) -> 0.44038668 | Q2: =IF(P2="", "UKN", IF(P2<0.55, "AST", IF(P2>0.62, "SNS", "UKN"))) -> AST | R2: U | T2: 46252 | U2: Penobscot | V2: The Spindle | W2: 514494 | X2: 4948116 | Y2: SEAL AT END OF DAY
A3: 53 | B3: AST | C3: R | D3: 201249 | E3: 66 | F3: 176.2 | G3: 210 | H3: 176 | I3: 69 | J3: 112 | K3: Y | L3: UMAINE RECAP / GIRTH 78CM | N3: 3D9.1BF14AF288 | O3: =IF(D3="", "", _xlfn.XLOOKUP(D3, Sheet1!F:F, Sheet1!E:E, "")) -> A69-2801-201249 | P3: =IF(OR(I3="",H3=""),"",I3/H3) -> 0.39204545 | Q3: =IF(P3="", "UKN", IF(P3<0.55, "AST", IF(P3>0.62, "SNS", "UKN"))) -> AST | R3: U
A4: 54 | B4: AST | C4: 49 | D4: 201248 | E4: 70 | F4: 102.6 | G4: 116.8 | H4: 81 | I4: 41 | J4: 58 | K4: N | N4: =IF(C4="", "", _xlfn.XLOOKUP(C4, Sheet1!A:A, Sheet1!B:B, "")) -> 3DD.003E185F5A | O4: =IF(D4="", "", _xlfn.XLOOKUP(D4, Sheet1!F:F, Sheet1!E:E, "")) -> A69-2801-201248 | P4: =IF(OR(I4="",H4=""),"",I4/H4) -> 0.50617284 | Q4: =IF(P4="", "UKN", IF(P4<0.55, "AST", IF(P4>0.62, "SNS", "UKN"))) -> AST | R4: U
A5: 55 | B5: AST | C5: 50 | D5: 201253 | E5: 79 | F5: 109.4 | G5: 120.2 | H5: 92 | I5: 42 | J5: 63 | K5: N | N5: =IF(C5="", "", _xlfn.XLOOKUP(C5, Sheet1!A:A, Sheet1!B:B, "")) -> 3DD.003E185F39 | O5: =IF(D5="", "", _xlfn.XLOOKUP(D5, Sheet1!F:F, Sheet1!E:E, "")) -> A69-2801-201253 | P5: =IF(OR(I5="",H5=""),"",I5/H5) -> 0.45652174 | Q5: =IF(P5="", "UKN", IF(P5<0.55, "AST", IF(P5>0.62, "SNS", "UKN"))) -> AST | R5: U
A6: 56 | B6: AST | C6: 51 | D6: 201250 | E6: 64 | F6: 120 | G6: 143.1 | H6: 96 | I6: 48 | J6: 73 | K6: N | N6: =IF(C6="", "", _xlfn.XLOOKUP(C6, Sheet1!A:A, Sheet1!B:B, "")) -> 3DD.003E185F57 | O6: =IF(D6="", "", _xlfn.XLOOKUP(D6, Sheet1!F:F, Sheet1!E:E, "")) -> A69-2801-201250 | P6: =IF(OR(I6="",H6=""),"",I6/H6) -> 0.5 | Q6: =IF(P6="", "UKN", IF(P6<0.55, "AST", IF(P6>0.62, "SNS", "UKN"))) -> AST | R6: U
A7: 57 | B7: AST | C7: 52 | E7: 69 | F7: 92.2 | G7: 108.8 | H7: 75.2 | I7: 33.3 | J7: 49.2 | K7: N | N7: =IF(C7="", "", _xlfn.XLOOKUP(C7, Sheet1!A:A, Sheet1!B:B, "")) -> 3DD.003E185F56 | O7: =IF(D7="", "", _xlfn.XLOOKUP(D7, Sheet1!F:F, Sheet1!E:E, "")) | P7: =IF(OR(I7="",H7=""),"",I7/H7) -> 0.44281915 | Q7: =IF(P7="", "UKN", IF(P7<0.55, "AST", IF(P7>0.62, "SNS", "UKN"))) -> AST | R7: U
A8: 58 | B8: AST | C8: 53 | E8: 62 | F8: 97.8 | G8: 105.2 | H8: 78.2 | I8: 37.4 | J8: 58.2 | K8: N | N8: =IF(C8="", "", _xlfn.XLOOKUP(C8, Sheet1!A:A, Sheet1!B:B, "")) -> 3DD.003E185F79 | O8: =IF(D8="", "", _xlfn.XLOOKUP(D8, Sheet1!F:F, Sheet1!E:E, "")) | P8: =IF(OR(I8="",H8=""),"",I8/H8) -> 0.47826087 | Q8: =IF(P8="", "UKN", IF(P8<0.55, "AST", IF(P8>0.62, "SNS", "UKN"))) -> AST | R8: U
A9: 59 | B9: AST | C9: 54 | E9: 67 | F9: 100.4 | G9: 120 | H9: 81.2 | I9: 37.3 | J9: 62.3 | K9: N | N9: =IF(C9="", "", _xlfn.XLOOKUP(C9, Sheet1!A:A, Sheet1!B:B, "")) -> 3DD.003E185F5D | O9: =IF(D9="", "", _xlfn.XLOOKUP(D9, Sheet1!F:F, Sheet1!E:E, "")) | P9: =IF(OR(I9="",H9=""),"",I9/H9) -> 0.45935961 | Q9: =IF(P9="", "UKN", IF(P9<0.55, "AST", IF(P9>0.62, "SNS", "UKN"))) -> AST | R9: U
A10: 60 | B10: AST | C10: 55 | E10: 61 | F10: 88 | G10: 103 | H10: 70.8 | I10: 35.1 | J10: 50.3 | K10: N | N10: =IF(C10="", "", _xlfn.XLOOKUP(C10, Sheet1!A:A, Sheet1!B:B, "")) -> 3DD.003E185F4E | O10: =IF(D10="", "", _xlfn.XLOOKUP(D10, Sheet1!F:F, Sheet1!E:E, "")) | P10: =IF(OR(I10="",H10=""),"",I10/H10) -> 0.49576271 | Q10: =IF(P10="", "UKN", IF(P10<0.55, "AST", IF(P10>0.62, "SNS", "UKN"))) -> AST | R10: U
A11: 61 | B11: AST | C11: 56 | E11: 77 | F11: 93.6 | G11: 109.2 | H11: 71 | I11: 33.9 | J11: 54.7 | K11: N | N11: =IF(C11="", "", _xlfn.XLOOKUP(C11, Sheet1!A:A, Sheet1!B:B, "")) -> 3DD.003E185F46 | O11: =IF(D11="", "", _xlfn.XLOOKUP(D11, Sheet1!F:F, Sheet1!E:E, "")) | P11: =IF(OR(I11="",H11=""),"",I11/H11) -> 0.47746479 | Q11: =IF(P11="", "UKN", IF(P11<0.55, "AST", IF(P11>0.62, "SNS", "UKN"))) -> AST | R11: U
A12: 62 | B12: AST | C12: 58 | E12: 65 | F12: 88.8 | G12: 104.4 | H12: 69.2 | I12: 32.7 | J12: 53.6 | K12: N | N12: =IF(C12="", "", _xlfn.XLOOKUP(C12, Sheet1!A:A, Sheet1!B:B, "")) -> 3DD.003E185F80 | O12: =IF(D12="", "", _xlfn.XLOOKUP(D12, Sheet1!F:F, Sheet1!E:E, "")) | P12: =IF(OR(I12="",H12=""),"",I12/H12) -> 0.47254335 | Q12: =IF(P12="", "UKN", IF(P12<0.55, "AST", IF(P12>0.62, "SNS", "UKN"))) -> AST | R12: U
A13: 63 | B13: AST | C13: R | E13: 78 | F13: 90.4 | G13: 104.6 | H13: 72.9 | I13: 35.1 | J13: 52.4 | K13: Y | L13: UMAINE PREVIOUSE DAY RECAP | N13: 3DD.003E185F71 | O13: =IF(D13="", "", _xlfn.XLOOKUP(D13, Sheet1!F:F, Sheet1!E:E, "")) | P13: =IF(OR(I13="",H13=""),"",I13/H13) -> 0.48148148 | Q13: =IF(P13="", "UKN", IF(P13<0.55, "AST", IF(P13>0.62, "SNS", "UKN"))) -> AST | R13: U
N14: =IF(C14="", "", _xlfn.XLOOKUP(C14, Sheet1!A:A, Sheet1!B:B, "")) | O14: =IF(D14="", "", _xlfn.XLOOKUP(D14, Sheet1!F:F, Sheet1!E:E, ""))
N15: =IF(C15="", "", _xlfn.XLOOKUP(C15, Sheet1!A:A, Sheet1!B:B, "")) | O15: =IF(D15="", "", _xlfn.XLOOKUP(D15, Sheet1!F:F, Sheet1!E:E, ""))
N16: =IF(C16="", "", _xlfn.XLOOKUP(C16, Sheet1!A:A, Sheet1!B:B, "")) | O16: =IF(D16="", "", _xlfn.XLOOKUP(D16, Sheet1!F:F, Sheet1!E:E, ""))
N17: =IF(C17="", "", _xlfn.XLOOKUP(C17, Sheet1!A:A, Sheet1!B:B, "")) | O17: =IF(D17="", "", _xlfn.XLOOKUP(D17, Sheet1!F:F, Sheet1!E:E, ""))
N18: =IF(C18="", "", _xlfn.XLOOKUP(C18, Sheet1!A:A, Sheet1!B:B, "")) | O18: =IF(D18="", "", _xlfn.XLOOKUP(D18, Sheet1!F:F, Sheet1!E:E, ""))
N19: =IF(C19="", "", _xlfn.XLOOKUP(C19, Sheet1!A:A, Sheet1!B:B, "")) | O19: =IF(D19="", "", _xlfn.XLOOKUP(D19, Sheet1!F:F, Sheet1!E:E, ""))
N20: =IF(C20="", "", _xlfn.XLOOKUP(C20, Sheet1!A:A, Sheet1!B:B, "")) | O20: =IF(D20="", "", _xlfn.XLOOKUP(D20, Sheet1!F:F, Sheet1!E:E, ""))
N21: =IF(C21="", "", _xlfn.XLOOKUP(C21, Sheet1!A:A, Sheet1!B:B, "")) | O21: =IF(D21="", "", _xlfn.XLOOKUP(D21, Sheet1!F:F, Sheet1!E:E, ""))
N22: =IF(C22="", "", _xlfn.XLOOKUP(C22, Sheet1!A:A, Sheet1!B:B, "")) | O22: =IF(D22="", "", _xlfn.XLOOKUP(D22, Sheet1!F:F, Sheet1!E:E, ""))
N23: =IF(C23="", "", _xlfn.XLOOKUP(C23, Sheet1!A:A, Sheet1!B:B, "")) | O23: =IF(D23="", "", _xlfn.XLOOKUP(D23, Sheet1!F:F, Sheet1!E:E, ""))
N24: =IF(C24="", "", _xlfn.XLOOKUP(C24, Sheet1!A:A, Sheet1!B:B, "")) | O24: =IF(D24="", "", _xlfn.XLOOKUP(D24, Sheet1!F:F, Sheet1!E:E, ""))
N25: =IF(C25="", "", _xlfn.XLOOKUP(C25, Sheet1!A:A, Sheet1!B:B, "")) | O25: =IF(D25="", "", _xlfn.XLOOKUP(D25, Sheet1!F:F, Sheet1!E:E, ""))
... N34: =IF(C34="", "", _xlfn.XLOOKUP(C34, Sheet1!A:A, Sheet1!B:B, "")) | O34: =IF(D34="", "", _xlfn.XLOOKUP(D34, Sheet1!F:F, Sheet1!E:E, ""))
N35: =IF(C35="", "", _xlfn.XLOOKUP(C35, Sheet1!A:A, Sheet1!B:B, ""))
N36: =IF(C36="", "", _xlfn.XLOOKUP(C36, Sheet1!A:A, Sheet1!B:B, ""))
